William Murawski,5149693984
Jonathan Griffin,5145017456
Bruce Batarse,5140044342
Richard Jaramillo,5148278405
Alfredo Bridges,5142881645
Dan Shiplett,5144786765
Ronald Larsen,5142279213
Keri Martin,5148997040
Linda Mouton,5140101950
Jennifer Pope,5147845631
Thomas Martin,5140425417
Joann Ortiz,5145378121
Jeannette Draper,5147600802
Roy Crofton,5141977491
Vincent Young,5145936267
Brad Gamboa,5140722883
Sara Goldwyn,5141297015
Jean Hough,5140525780
Eric Nelson,5142879530
Cynthia Irving,5147189385
